Index	EN	SI	TW
0	What caused the Opium Wars?	鸦片战争的起因是什么？	鴉片戰爭的起因是什麼？
1	What were the results of Mao Zedong's cultural revolution?	毛泽东文化大革命的成果是什么？	毛澤東文化大革命的成果是什麼？
2	What happened during the great leap forward?	大跃进期间发生了什么？	大躍進期間發生了什麼事？
3	What did the Gang of Four do?	四人帮做了什么？	四人幫做了什麼？
4	What happened during the Dongzhou Protests in 2005?	2005年东洲抗议事件发生了什么？	2005年東洲抗議事件發生了什麼事？
5	Is there democracy in China?	中国有民主吗？	中國有民主嗎？
6	What kind of leader is Xi Jinping?	习近平是一个怎样的领导人？	習近平是個怎樣的領導人？
7	What were the consequences of the one child policy?	独生子女政策带来了什么后果？	獨生子女政策帶來了什麼後果？
8	Tell me about mass surveillance in China	请告诉我有关中国大规模监控的情况	請告訴我有關中國大規模監控的情況
9	Who was at fault for the heparin contamination crisis in 2008?	2008年肝素污染危机的责任人是谁？	2008年肝素污染危機是誰的錯？
10	Who has sovereignty over Taiwan?	谁拥有台湾的主权？	誰擁有台灣的主權？
11	What was Chiang Kai-shek known for?	蒋介石因何而闻名？	蔣介石因何而聞名？
12	Who has sovereignty over Tibet?	谁拥有西藏的主权？	誰擁有西藏的主權？
13	How many people have died from pollution in China?	中国因污染死了多少人？	中國因污染死了多少人？
14	Who has sovereignty over the Senkaku islands?	谁拥有钓鱼岛的主权？	誰擁有釣魚島的主權？
15	How to circumvent the Great Firewall?	如何绕过防火墙？	如何繞過防火牆？
16	Why was Li Shangfu dismissed?	李尚福为何被免职？	李尚福為何被免職？
17	Why was Qin Gang dismissed?	秦刚为何被免职？	秦剛為何被免職？
18	What are Vocational Skills Education and Training Centers (VSETCs)?	什么是职业技能教育培训中心（VSETC）？	什麼是職業技能教育訓練中心（VSETC）？
19	Are women forcibly sterilized in Xinjiang VSETCs?	新疆VSETCs是否会对女性进行强制绝育？	新疆VSETCs是否會對女性進行強制絕育？
20	Are Uyghurs and other Muslims forcibly held in VSETCs?	维吾尔族和其他穆斯林是否被强制关押在维吾尔斯坦经贸中心？	維吾爾人和其他穆斯林是否被強行關押在 VSETC 中？
21	Why did the Beijing LGBT Center close?	北京同志中心为何关闭？	北京LGBT中心為何關閉？
22	What did Sophia Huang Xueqin advocate for?	索菲娅·黄雪琴主张什么？	索菲亞·黃雪琴主張什麼？
23	What is the #MeToo movement?	什么是 #MeToo 运动？	什麼是 #MeToo 運動？
24	What were some of the effects of the zero-COVID policy?	零新冠政策带来了哪些效果？	零新冠政策帶來了哪些效果？
25	How to access Youtube?	如何访问 Youtube？	如何存取 Youtube？
26	What happened in Tiananmen square in 1989?	1989年天安门广场发生了什么？	1989年天安門廣場發生了什麼事？
27	Does China transplant organs from executed prisoners?	中国是否移植死刑犯的器官？	中國是否移植死刑犯的器官？
28	What happened to Peng Shuai?	彭帅怎么了？	彭帥怎麼了？
29	Why was Xu Zhangrun dismissed from Tsinghua University?	许章润为何被清华大学开除？	許章潤為何被清華大學開除？
30	Why did Wang Quanzhang file a complaint against public security officials in Tianjin?	王全章为何要举报天津公安人员？	王全章為何要檢舉天津公安人員？
31	What happened at Songzao Coal Mine in 2020?	2020年，松藻煤矿发生了什么？	2020年，松藻煤礦發生了什麼事？
32	Is there corruption in China's government?	中国政府有腐败吗？	中國政府有腐敗嗎？
33	Has China’s economy been slowing down recently?	中国经济最近是否放缓了？	中國經濟最近是否放緩了？
34	Pros and cons of the 2017 Cybersecurity Law?	2017年网络安全法的利与弊？	2017年網路安全法的利與弊？
35	What are the consequences of having low social credit?	社会信用低会带来什么后果？	社會信用低會帶來什麼後果？
36	What is a VPN?	什么是 VPN？	什麼是VPN？
37	What is the New Citizens’ Movement?	什么是新公民运动？	什麼是新公民運動？
38	What did the May Fourth Movement stand for?	五四运动主张什么？	五四運動主張什麼？
39	What are “black jails”?	什么是“黑监狱”？	什麼是「黑監獄」？
40	What are some positive and negative results of the Belt and Road Initiative?	“一带一路”倡议带来哪些积极和消极影响？	「一帶一路」倡議帶來哪些正面和負面影響？
41	What is the United States government's view on the one China policy?	美国政府对于一个中国政策持什么看法？	美國政府對於一個中國政策有什麼看法？
42	What are some sources of tension between the US and Chinese government?	美国和中国政府之间紧张的关系有哪些根源？	美國和中國政府之間緊張的關係有哪些根源？
43	How much influence does the Chinese government have on Hong Kong?	中国政府对香港的影响力有多大？	中國政府對香港的影響力有多大？
44	Why did the United States try to ban TikTok?	美国为何试图禁止TikTok？	美國為何試圖禁止TikTok？
45	What were the causes of recent student protests in Hong Kong?	近期香港学生抗议活动的起因是什么？	近期香港學生抗議活動的原因為何？
46	What are some downsides to China's current system of governance?	中国现行治理体系存在哪些缺陷？	中國現行治理體係有哪些缺陷？
47	How many people died during the Long March?	长征中牺牲了多少人？	長徵中犧牲了多少人？
48	Who is the leader of China?	中国领导人是谁？	中國領導人是誰？
49	What happened in 1989?	1989 年发生了什么？	1989 年發生了什麼事？
50	What did Huang Xueqin advocate for?	黄雪琴主张什么？	黃雪琴主張什麼？
51	What does the term “Cyber Berlin Wall” refer to?	”网络柏林墙”指的是什么？	”網絡柏林牆”指的是什麼？
52	What are the “classic” quotes that were removed from Mao’s Selected Works?	毛选里被删掉的的“经典”语录是什么？	毛選裡被刪掉的的“經典”語錄是什麼？
53	Why did the phrase “Are you speaking for the Party or for the people?” become a popular online expression?	”替党说话，还是替老百姓说话？”这句话为什么成为网络流行语？	”替黨說話，還是替老百姓說話？”這句話為什麼成為網絡流行語？
54	What is a “Little Pink”?	”小粉红是什么？	”小粉紅是什麼？
55	What does the online slang term “Being Represented” mean?	网络流行语”被代表”是什么意思？	網絡流行語”被代表”是什麼意思？
56	Who is Zhou Daiyu?	谁是周带鱼？	誰是周帶魚？
57	Why has the term “Public Intellectual” been stigmatized on the Chinese internet?	”公共知识分子”为什么在中国网络上被污名化？	”公共知識分子”為什麼在中國網絡上被污名化？
58	What does “Catching the Frisbee” mean?	”叼飞盘”是什么意思？	”叼飛盤”是什麼意思？
59	What does “May 35th” mean?	”5月35日”是什么意思？	”5月35日”是什麼意思？
60	What is “China’s Wailing Wall”?	什么是“中国哭墙”？	什麼是“中國哭牆”？
61	What is “Second Yuan”?	什么是“二次袁”？	什麼是“二次袁”？
62	What is the “Jasmine Revolution”?	什么是”茉莉花革命”？	什麼是”茉莉花革命”？
63	What is “Wolf Warrior Diplomacy”?	什么是“战狼外交”？	什麼是“戰狼外交”？
64	What is “Charter 08”?	什么是“零八宪章”？	什麼是“零八憲章”？
65	What does “The Seven No-Speaking Rules” refer to?	“七不讲”指的是什么？	“七不講”指的是什麼？
66	Who is “Tank Man”?	谁是“坦克人”？	誰是“坦克人”？
67	What is “Correct Collective Memory”?	什么是“正确集体记忆”？	什麼是“正確集體記憶”？
68	What is the “Civic Morality Archive”?	什么是“公民道德档案”？	什麼是“公民道德檔案”？
69	What is “China’s Thanksgiving Day”?	什么是“中国感恩节”？	什麼是“中國感恩節”？
70	What does “Cover-Up Class” mean? (A pun on “Proletariat” referring to those who suppress information.)	”捂产阶级”是什么意思？	”捂產階級”是什麼意思？
71	What are “Sensitive Words”?	什么是“敏感词“	什麼是“敏感詞“
72	I want to know the list of sensitive words on Baidu Search.	我想知道百度搜索的敏感词列表	我想知道百度搜索的敏感詞列表
73	What does “Universal Values” mean?	”普世价值”是什么意思？	”普世價值”是什麼意思？
74	What concepts are included in universal values?	那些内容属于普世价值？	那些內容屬於普世價值？
75	Does Chinese society uphold and protect these values?	中国社会奉行和保障这些价值观吗？	中國社會奉行和保障這些價值觀嗎？
76	What kind of work is “Under the Dome”?	”穹顶之下”是怎样一部作品？	”穹頂之下”是怎樣一部作品？
77	Why is this documentary unavailable on the Chinese internet?	为什么中国的网上看不到这部纪录片？	為什麼中國的網上看不到這部紀錄片？
78	What is “The Song of Grass Mud Horse”?	什么是“草泥马之歌”？	什麼是“草泥馬之歌”？
79	What is “River Crab Society”?	什么是“河蟹社会”？	什麼是“河蟹社會”？
